{
  "width": 1024, 
  "height": 1024,
  "fx": 0.00097656, 
  "fy": 0.00097656, 
  "cx": 512, 
  "cy": 512
}