{
	"height" : 1024,
	"intrinsic_matrix" : [ 0.0009765625, 0.0, 0.0, 0.0, 0.0009765625, 0.0, 512.0, 512.0, 1.0 ],
	"width" : 1024
}