{
	"class_name" : "PoseGraph",
	"edges" : 
	[
		{
			"class_name" : "PoseGraphEdge",
			"confidence" : 1.0,
			"information" : 
			[
				501.60742527313096,
				0.15068454263724826,
				-0.13493341539828929,
				0.0,
				-391.9363603072261,
				-8.177955623471032,
				0.15068454263724826,
				504.43471167109936,
				8.4721987911287631,
				391.9363603072261,
				0.0,
				0.21567761692762355,
				-0.13493341539828929,
				8.4721987911287631,
				24.02056274767137,
				8.177955623471032,
				-0.21567761692762355,
				0.0,
				0.0,
				391.9363603072261,
				8.177955623471032,
				317.0,
				0.0,
				0.0,
				-391.9363603072261,
				0.0,
				-0.21567761692762355,
				0.0,
				317.0,
				0.0,
				-8.177955623471032,
				0.21567761692762355,
				0.0,
				0.0,
				0.0,
				317.0
			],
			"source_node_id" : 0,
			"target_node_id" : 1,
			"transformation" : 
			[
				-0.35150629801212041,
				0.57372919626822227,
				0.73978248952461534,
				0.0,
				-0.56994233803210104,
				0.49575297149566983,
				-0.65528217019213453,
				0.0,
				-0.74270388027552292,
				-0.6519691715124537,
				0.15273226777943966,
				0.0,
				0.84547792750494366,
				0.7065265605565898,
				0.92305818157010033,
				1.0
			],
			"uncertain" : false,
			"version_major" : 1,
			"version_minor" : 0
		},
		{
			"class_name" : "PoseGraphEdge",
			"confidence" : 0.95109406238302163,
			"information" : 
			[
				991.78535580251662,
				2.3021621997425017,
				-52.329746577105098,
				0.0,
				-803.31766731350604,
				-24.836548011967903,
				2.3021621997425017,
				998.68626183319452,
				24.112381932611385,
				803.31766731350604,
				0.0,
				-49.241967487331515,
				-52.329746577105098,
				24.112381932611385,
				53.087184587352205,
				24.836548011967903,
				49.241967487331515,
				0.0,
				0.0,
				803.31766731350604,
				24.836548011967903,
				682.0,
				0.0,
				0.0,
				-803.31766731350604,
				0.0,
				49.241967487331515,
				0.0,
				682.0,
				0.0,
				-24.836548011967903,
				-49.241967487331515,
				0.0,
				0.0,
				0.0,
				682.0
			],
			"source_node_id" : 0,
			"target_node_id" : 3,
			"transformation" : 
			[
				0.99917381187007037,
				0.0049087481743009531,
				0.040343498415404133,
				0.0,
				-0.0064809826124584691,
				0.99922079457997603,
				0.038933283233464649,
				0.0,
				-0.040120948859783845,
				-0.039162582528754236,
				0.99842706373188284,
				0.0,
				0.06404103543811368,
				0.038932189985900416,
				-0.00091000590273027093,
				1.0
			],
			"uncertain" : true,
			"version_major" : 1,
			"version_minor" : 0
		},
		{
			"class_name" : "PoseGraphEdge",
			"confidence" : 1.0,
			"information" : 
			[
				525.84705747507167,
				0.28036230924073324,
				-1.8488890398985607,
				0.0,
				-411.20228906219069,
				-10.291854234018757,
				0.28036230924073324,
				528.416435413866,
				10.967457445035102,
				411.20228906219069,
				0.0,
				-0.98970675546608589,
				-1.8488890398985607,
				10.967457445035102,
				25.127714038937309,
				10.291854234018757,
				0.98970675546608589,
				0.0,
				0.0,
				411.20228906219069,
				10.291854234018757,
				333.0,
				0.0,
				0.0,
				-411.20228906219069,
				0.0,
				0.98970675546608589,
				0.0,
				333.0,
				0.0,
				-10.291854234018757,
				-0.98970675546608589,
				0.0,
				0.0,
				0.0,
				333.0
			],
			"source_node_id" : 1,
			"target_node_id" : 2,
			"transformation" : 
			[
				-0.34866036979117776,
				0.56342225976973159,
				0.74899352716365375,
				0.0,
				-0.56995343572209067,
				0.50694021194011174,
				-0.64665655693474544,
				0.0,
				-0.7440356360051994,
				-0.65235494840928876,
				0.1443744909610056,
				0.0,
				0.84667764661834766,
				0.70586746764029995,
				0.92936609969688289,
				1.0
			],
			"uncertain" : false,
			"version_major" : 1,
			"version_minor" : 0
		},
		{
			"class_name" : "PoseGraphEdge",
			"confidence" : 1.0,
			"information" : 
			[
				528.99048098376852,
				0.1404725669709691,
				-4.282120381435627,
				0.0,
				-412.44903204984871,
				-10.032960131042634,
				0.1404725669709691,
				531.39622791928264,
				10.514744828185531,
				412.44903204984871,
				0.0,
				-3.0952040934886176,
				-4.282120381435627,
				10.514744828185531,
				24.980228637217792,
				10.032960131042634,
				3.0952040934886176,
				0.0,
				0.0,
				412.44903204984871,
				10.032960131042634,
				333.0,
				0.0,
				0.0,
				-412.44903204984871,
				0.0,
				3.0952040934886176,
				0.0,
				333.0,
				0.0,
				-10.032960131042634,
				-3.0952040934886176,
				0.0,
				0.0,
				0.0,
				333.0
			],
			"source_node_id" : 2,
			"target_node_id" : 3,
			"transformation" : 
			[
				-0.34929419760271013,
				0.57495111089902862,
				0.73988160106671641,
				0.0,
				-0.56268195789677711,
				0.50268930573911375,
				-0.65627164814044103,
				0.0,
				-0.74925468151925811,
				-0.64554990664664802,
				0.14792815908398588,
				0.0,
				0.86193050105098046,
				0.6979112839816628,
				0.92626517939396313,
				1.0
			],
			"uncertain" : false,
			"version_major" : 1,
			"version_minor" : 0
		}
	],
	"nodes" : 
	[
		{
			"class_name" : "PoseGraphNode",
			"pose" : 
			[
				1.0000000000000002,
				-1.9081958235744878e-17,
				0.0,
				0.0,
				1.0625181290357943e-17,
				1.0,
				-5.2041704279304213e-18,
				0.0,
				0.0,
				6.9388939039072284e-18,
				1.0,
				0.0,
				0.0,
				1.5178830414797062e-18,
				6.9388939039072284e-18,
				1.0
			],
			"version_major" : 1,
			"version_minor" : 0
		},
		{
			"class_name" : "PoseGraphNode",
			"pose" : 
			[
				-0.49783020921061072,
				-0.54925305915938083,
				-0.67118265755409623,
				0.0,
				0.51336315248886111,
				0.437132865205904,
				-0.73849382653044116,
				0.0,
				0.69901599156529626,
				-0.71220498114021924,
				0.064348336225919997,
				0.0,
				-0.75881046073567937,
				0.80315585042964399,
				1.0550378375466249,
				1.0
			],
			"version_major" : 1,
			"version_minor" : 0
		},
		{
			"class_name" : "PoseGraphNode",
			"pose" : 
			[
				-0.51565565117094669,
				0.52511624438369298,
				0.67701711891194716,
				0.0,
				-0.5281134048344065,
				0.42742040656695657,
				-0.73376292335081927,
				0.0,
				-0.67468176279611625,
				-0.73591081384533708,
				0.056919179683294602,
				0.0,
				0.76979347530079911,
				0.81374039064685832,
				1.0408572908622233,
				1.0
			],
			"version_major" : 1,
			"version_minor" : 0
		},
		{
			"class_name" : "PoseGraphNode",
			"pose" : 
			[
				0.99930100048430248,
				0.033583225222875844,
				0.016421857833460535,
				0.0,
				-0.032957518983616992,
				0.99877189246372211,
				-0.036993361119086049,
				0.0,
				-0.017644046404311803,
				0.036426279086288413,
				0.999180571177407,
				0.0,
				0.0022843927934708685,
				-0.038062424832408022,
				0.00051102298716865224,
				1.0
			],
			"version_major" : 1,
			"version_minor" : 0
		}
	],
	"version_major" : 1,
	"version_minor" : 0
}